{"importBase":"import","nativeBase":"native","name":"main","deps":["internal"],"uuids":["baIUdvKGZPgZxNbjWTFuRI","3cX3l3eBRG8atKyv1Z4kDI","fdjsU2o1RKF5x0TziDw3jI"],"paths":{"0":["db:/internal/physics/default-physics-material",1],"2":["db:/internal/default_renderpipeline/builtin-forward",0]},"scenes":{"db://assets/LoadScene/StartScene.scene":1},"packs":{},"versions":{"import":[],"native":[]},"redirect":[0,"0"],"debug":false,"extensionMap":{},"hasPreloadScript":true,"types":["cc.RenderPipeline","cc.PhysicsMaterial"]}